ABBRUZZESE, JOHN W,FALSE,WW2
ABBRUZZESE, LOUIS J,FALSE,WW2
ABBRUZZESE, MARIO J,FALSE,WW2
ABRAHAMS, NORMAN,FALSE,WW2
ABRAIN, ARTHUR J,FALSE,WW2
ABRAIN, OSCAR A,FALSE,WW2
ACCIARDO, ANTHONY J,FALSE,WW2
AHEARN, JOHN J,FALSE,WW2
AINSWORTH, RAYMOND E,FALSE,WW2
ALDERSON, DOREEN G,FALSE,WW2
ALDERSON, JENNINGS L,FALSE,WW2
ALFANO, LOUIS,FALSE,WW2
ALFANO, TONY L,FALSE,WW2
ALFANO, WILLIAM L,FALSE,WW2
ALLETAG, GERALD C,FALSE,WW2
ALMADA, JAMES,FALSE,WW2
ALMEIDA, GEORGE,FALSE,WW2
ALMEIDA, JOHN JR,FALSE,WW2
ALMEIDA, MANUEL,FALSE,WW2
ALMEIDA, MANUEL JR,FALSE,WW2
ALMEIDA, WILLIAM J,FALSE,WW2
ALOIA, CARMINE,TRUE,WW2
ALVES, JOSEPH L,FALSE,WW2
AMARAL, ALBERT A,FALSE,WW2
AMARAL, DENNIS J,FALSE,WW2
AMARAL, JOHN D,FALSE,WW2
AMARAL, JOHN W,FALSE,WW2
AMARAL, JOHN JR,FALSE,WW2
AMARAL, JOSEPH,FALSE,WW2
AMARAL, LOUIS A,FALSE,WW2
AMARAL, MANUEL J,FALSE,WW2
ANDREWS, JOSEPH,FALSE,WW2
ANNUNZIATA, DANIEL,FALSE,WW2
ARAUJO, EDWARD J,FALSE,WW2
ARAUJO, JOHN F,FALSE,WW2
ARAUJO, JOSEPH A JR,FALSE,WW2
AREL, ERNEST P,FALSE,WW2
ARRUDA, HERMAN P,FALSE,WW2
ARSENAULT, ADOLPH L,FALSE,WW2
ARSENAULT, ERNEST E,FALSE,WW2
ARSENAULT, EUGENE J,FALSE,WW2
ASP, MILTON L,FALSE,WW2
ASP, RICHARD A,FALSE,WW2
ASSELIN, HECTOR JR,FALSE,WW2
ASSELIN, NAPOLEON D,FALSE,WW2
AUBIN, ALBERT L,FALSE,WW2
AUBIN, ARTHUR J,FALSE,WW2
AUBIN, JEROME,FALSE,WW2
AUGER, ERNEST A,FALSE,WW2
AVELIA, CONRAD J,FALSE,WW2
AVILA, ERLINO,FALSE,WW2
AVILA, FRANK JR,FALSE,WW2
AVILA, JOSEPH,FALSE,WW2
AYERS, GEORGE T JR,FALSE,WW2
BABSKY, BENJAMIN,FALSE,WW2
BANCROFT, HARRY D,FALSE,WW2
BAPTISTE, ANTONE R,FALSE,WW2
BARBA, FRANK,FALSE,WW2
BARBER, EDMUND J,FALSE,WW2
BARBER, ERNEST W,FALSE,WW2
BARBER, JOSEPH J,FALSE,WW2
BARKER, GEORGE,FALSE,WW2
BARRY, JAMES E,FALSE,WW2
BARRY, JOHN F,FALSE,WW2
BARTOSEWITZ, VICTOR,FALSE,WW2
BAXTER, DONALD A,FALSE,WW2
BAXTER, JOHN,FALSE,WW2
BAXTER, WILLIAM H,FALSE,WW2
BEAUCHAINE, FEDERICK J,FALSE,WW2
BEAUCHAINE, HERMAN J,FALSE,WW2
BEAUCHAINE, WILFRED A,FALSE,WW2
BEAUCHAINE, WILLIAM,FALSE,WW2
BEAULIEU, GIRARD,FALSE,WW2
BEAULIEU, PHILLIP A,FALSE,WW2
BEAUPARLANT, LEWIS C,FALSE,WW2
BEAUPARLANT, RAYMOND F,FALSE,WW2
BEAUREGARD, WALTER JR,FALSE,WW2
BEAUSOLEIL, GEORGE,FALSE,WW2
BEDARD, ROLAND L,FALSE,WW2
BEDNARZ, FRANK J,FALSE,WW2
BEDNARZ, JOSEPH F,FALSE,WW2
BEERS, STANLEY H,FALSE,WW2
BELANGER, JOSEPH T,FALSE,WW2
BELL, GEORGE A,FALSE,WW2
BELL, WILLIAM J,FALSE,WW2
BENOIT,ERNEST A,FALSE,WW2
BERGERON, ALFRED,FALSE,WW2
BERGERON, PETER,FALSE,WW2
BERNARDO, ALFRED J,TRUE,WW2
BERNARZ, JOSEPH F,FALSE,WW2
BESAW, CHARLES L,FALSE,WW2
BESAW, CHARLES L,FALSE,WW2
BESAW, VIRGINIA E,FALSE,WW2
BETTENCOURT, ANTHONY D,FALSE,WW2
BETTENCOURT, ERNEST A,FALSE,WW2
BETTENCOURT, FRANK C,FALSE,WW2
BIACHINO, MICHELE,FALSE,WW2
BIERNACKI, WALTER L,FALSE,WW2
BILOTTI, ANDREW,FALSE,WW2
BILOTTI, ARMAND,FALSE,WW2
BILOTTI, JOHN V,FALSE,WW2
BILOTTI, JOSEPH JR,FALSE,WW2
BILOTTI, VICTOR,FALSE,WW2
BLACKHALL, JOHN A,FALSE,WW2
BLANCE, ADOLPH J,FALSE,WW2
BLANK, JOHN J SR,FALSE,WW2
BLINN, FEDERICK J,FALSE,WW2
BLINN, WILLIAM R,FALSE,WW2
BLOCKER, WILLIAM C,FALSE,WW2
BLOUIN, ALBERT P,FALSE,WW2
BLOUIN, HENRY L,FALSE,WW2
BLOUIN, NORMAN J,FALSE,WW2
BLOUIN, ROMEO J,FALSE,WW2
BLOUNT, LUTHER H,FALSE,WW2
BODRIAN, FRANK,FALSE,WW2
BODRIAN, JOSEPH J,FALSE,WW2
BODRIAN, PETER J,FALSE,WW2
BOENIGER, HENRY A,FALSE,WW2
BOREK, EMIL J,FALSE,WW2
BORGES, ANTHERIO R,FALSE,WW2
BOTELHO, ARTHUR E,FALSE,WW2
BOTELHO, FRANK J,FALSE,WW2
BOTELHO, JAMES G,FALSE,WW2
BOTELHO, JOHN O,FALSE,WW2
BOTILHO, JAMES J,FALSE,WW2
BOUCHARD, HENRY A,FALSE,WW2
BOUCHER, EDGAR J,FALSE,WW2
BOUCHER, WILFRED A,FALSE,WW2
BOUCHER, WILFRED J,TRUE,WW2
BOUDREAU, EDMUND R,FALSE,WW2
BOUDREAU, WILFRED A,FALSE,WW2
BOUFFARD, GERALD G,FALSE,WW2
BOUFFARD, IRENE Y,FALSE,WW2
BOUFFARD, LEO R,FALSE,WW2
BOUFFARD, NORMAN E,FALSE,WW2
BOUFFARD, NORMAN J,FALSE,WW2
BOUFFARD, RAYMOND J,FALSE,WW2
BOULANGER, JOHN J JR,FALSE,WW2
BOULANGER, RICHARD J,FALSE,WW2
BOWEN, HAROLD,FALSE,WW2
BOWEN, RICHARD,FALSE,WW2
BOYOREK, ANDREW J,FALSE,WW2
BOZZARIO, PASQUALE,FALSE,WW2
BRANCH, JOSEPH,FALSE,WW2
BRELSFORD, JOSEPH E,FALSE,WW2
BRIAND, DANIEL,FALSE,WW2
BRIAND, JOHN,FALSE,WW2
BRIMMER, LEWIS J,FALSE,WW2
BRISTOW, STEVEN F,FALSE,WW2
BRISTOW, WARREN J,FALSE,WW2
BROUCHU, DONAT L,FALSE,WW2
BROCHU, OVIDE,FALSE,WW2
BROUCHU, RAYMOND F,FALSE,WW2
BROUILLETTE, EDWARD N,FALSE,WW2
BROUILLETTE, MAURICE A,FALSE,WW2
BROUILLETTE, ROBERT R,FALSE,WW2
BROWN, ARTHUR W,FALSE,WW2
BROWN, JOSEPH R,FALSE,WW2
BRULE, AMBROSE A,FALSE,WW2
BRULE, EDWARD L,FALSE,WW2
BRULE, LEO H,FALSE,WW2
BRUNEAU, MILTON,FALSE,WW2
BRYDA, EDWARD J,FALSE,WW2
BUCKO, JOSEPH J,FALSE,WW2
BUCKO, THEODORE W,FALSE,WW2
BUCZYNSKI, VICTOR J,FALSE,WW2
BUDARZ, JOHN W,FALSE,WW2
BULLOCK, HOWARD N,FALSE,WW2
BURDGE, CHARLES H,FALSE,WW2
BURDGE, LESTER F,FALSE,WW2
BURKE, ARTHUR E JR,FALSE,WW2
BURNS, JOHN F,FALSE,WW2
BURNS, THOMAS R JR,FALSE,WW2
CABRAL, VICTOR G C,FALSE,WW2
ADILE, FRANK,FALSE,WW2
CADY, JOHN P,FALSE,WW2
CAIZZI, ERNEST A,FALSE,WW2
CALDWELL, OWEN D JR,FALSE,WW2
CAMBIO, JOHN,FALSE,WW2
CAMINSKY, GEORGE R,FALSE,WW2
CAMUSO, ANTHONY,FALSE,WW2
CAPIZANO, CHARLES C,FALSE,WW2
CAPPUCCILLI, ANTHONY A,FALSE,WW2
CAPPUCCILLI, EDMUND D,FALSE,WW2
CARDOZA, ELSIE E,FALSE,WW2
CARIGLIA, NICHOLAS F,FALSE,WW2
CARLONE, NICHOLAS,FALSE,WW2
CARMONE, PAUL,FALSE,WW2
CAROSELLI, ERNEST R,FALSE,WW2
CARREIRO, GEORGE C,FALSE,WW2
CARREIRO, JOSEPH M,FALSE,WW2
CARTER, ADELARD J,FALSE,WW2
CARTER, JACK,FALSE,WW2
CARUOLO, PAUL V,FALSE,WW2
CARVALHO, BENOIT,FALSE,WW2
CARVALHO, MANUEL,FALSE,WW2
CASALA, CARL L,FALSE,WW2
CASALA, FRANK K JR,FALSE,WW2
CASALE, CHARLES N JR,FALSE,WW2
CASTRO, JOHN J JR,FALSE,WW2
CHAMPLIN, WILLIAM M,FALSE,WW2
CHAPUT, NORMAN M,TRUE,WW2
CHARETTE, ALFRED,FALSE,WW2
CHARETTE, GEORGE E,FALSE,WW2
CHARETTE, LEO C,FALSE,WW2
CHASE, CURTIS A JR,FALSE,WW2
CHAUVIN, LUCIEN L,FALSE,WW2
CHAUVIN, MAURICE E,FALSE,WW2
CHAUVIN, ROLAND L,FALSE,WW2
CHEETHAM, RAYMOND F,FALSE,WW2
CHIEGLIS, EDWARD P,FALSE,WW2
CHIEGLIS, JOHN J,FALSE,WW2
CHIEGLIS, JOSEPH,FALSE,WW2
CHIEGLIS, STANLEY S,FALSE,WW2
CHILD, JOHN P,FALSE,WW2
CHRISTY, JAMES E,FALSE,WW2
CINIGLIO, GERALD,FALSE,WW2
CLEMENTE, JOSEPH,FALSE,WW2
CLOUTIER, LESTER,FALSE,WW2
COCCIA, JERRY V,FALSE,WW2
CODEGA, GEORGE P,FALSE,WW2
COLLINS, JAMES T,FALSE,WW2
COLOGNE, NORMAN A,FALSE,WW2
CONKLIN, HENRY E,FALSE,WW2
CONKLIN, LLEWELLYN M,FALSE,WW2
CONKLIN, MARY C,FALSE,WW2
CONLEY, JOHN E JR,FALSE,WW2
CONLEY, ROBERT J JR,FALSE,WW2
CONROY, HAROLD B,FALSE,WW2
CONTOIS, ARTHUR L,FALSE,WW2
CONWAY, LAWRENCE P,FALSE,WW2
COOK, ERNEST E,FALSE,WW2
COOK, ROBERT S,FALSE,WW2
COONS, FLOYD,FALSE,WW2
COPPER, HAROLD A JR,FALSE,WW2
CORDEIRO, ANTHONY M,FALSE,WW2
CORDEIRO, EDWARD M,FALSE,WW2
CORDEIRO, FRED P,FALSE,WW2
CORDEIRO, JOSEPH JR,FALSE,WW2
CORDEIRO, MANUEL,FALSE,WW2
CORREA, DAVID J,FALSE,WW2
CORREIA, EDWARD H,FALSE,WW2
CORREIA, JAMES E,FALSE,WW2
CORREIA, JAMES R,FALSE,WW2
CORREIA, JOSEPH R,FALSE,WW2
CORREIA, SAMUEL R,FALSE,WW2
CORREIA, WILLIAM H,TRUE,WW2
CORREIRA, JOHN G,FALSE,WW2
CORREIRA, JOSEPH R,FALSE,WW2
CORREIRO, VIRGILIO P,FALSE,WW2
COSTA, JOHN J JR,FALSE,WW2
COSTA, JOSEPH,FALSE,WW2
COTE, ALBERT J,FALSE,WW2
COTE, GEORGE J,FALSE,WW2
COTE, HECTOR,FALSE,WW2
COTE, ROLAND A,FALSE,WW2
COTTA, MANUEL N,FALSE,WW2
COUTURIER, SAMUEL,FALSE,WW2
COYLE, FREDERICK,FALSE,WW2
CRAIG, GEORGE M,FALSE,WW2
CRANSTON, STANLEY C,TRUE,WW2
CRESPO, ALFRED S,FALSE,WW2
CROKE, THOMAS H,FALSE,WW2
CUNNINGHAM, JOSEPH L,FALSE,WW2
CURRIA, JOHN M,FALSE,WW2
CUTLER, EDWARD G,FALSE,WW2
CYGAN, WALTER J,FALSE,WW2
CYGANOWSKI, FRANK,FALSE,WW2
DAIGNAULT, ALBERT,FALSE,WW2
DIAGNAULT, NORMAN,FALSE,WW2
DAIGNEAULT, DELPHIS JR,FALSE,WW2
D'ALBERGARIA, THOMAS J,FALSE,WW2
DALLAIRE, ARTHUR,FALSE,WW2
DALLAIRE, EMILE J,FALSE,WW2
DALLAIRE, ROLAND E,FALSE,WW2
DALLAIRE, ROMEO A,FALSE,WW2
DALPE, JOHN A,FALSE,WW2
DANESI, ROBERT L,FALSE,WW2
D'ARCHANGELO, JOHN,FALSE,WW2
DASSUNCAO, MANUEL L,FALSE,WW2
DATTOLI, CHARLES W,FALSE,WW2
DATTOLI, JOHN B,FALSE,WW2
DAVENPORT, DAVID,FALSE,WW2
DAVENPORT, JOSEPH R,FALSE,WW2
DAVIS, JOSEPH R,FALSE,WW2
DAVOL, BERNARD J,FALSE,WW2
DAVOL, OBIE E,FALSE,WW2
DEALMEIDA, GEORGE,FALSE,WW2
DEBIASE, JAMES R,FALSE,WW2
DEBIASE, LOUIS A,FALSE,WW2
DEBLOIS, RENE M,FALSE,WW2
DECOSTA, ROY F,FALSE,WW2
DELEKTA, JOHN A,FALSE,WW2
DELELLO, FRANCIS,FALSE,WW2
DELSANTO, DOMENIC A,FALSE,WW2
DEMEDERIOS, JOHN F,FALSE,WW2
DENAULT, LOUIS E,FALSE,WW2
DENAULT, RAYMOND J,FALSE,WW2
DENAULT, RAYMOND J,FALSE,WW2
DERENIS, FERDINAND R,FALSE,WW2
DEROBBIO, ANTHONY,FALSE,WW2
DEMARAIS, RAYMOND J,FALSE,WW2
DESPIRITO, ARMANDO L,FALSE,WW2
DEWOLF, MARY M,FALSE,WW2
DICKERSON, WILLIAM E,FALSE,WW2
DINGES, LESTER C JR,FALSE,WW2
DIODATI, DOMENIC P,FALSE,WW2
DIPAOLA, JOSEPH E,FALSE,WW2
DIPASQUALE, FRANCESCO R,FALSE,WW2
DISALVO, ALFRED,FALSE,WW2
DISALVO, LUIS,FALSE,WW2
DISALVO, VINCENT,FALSE,WW2
DISANO, BENJAMIN F,FALSE,WW2
DISANO, LOUIS,FALSE,WW2
DOHERTY, WILLIAM H SR,FALSE,WW2
DOMOGALO, FRANK,FALSE,WW2
DRAINVILLE, HURBERT H,FALSE,WW2
DRAINVILLE, ROLAND G,FALSE,WW2
DRAINVILLE, RUSSELL W,FALSE,WW2
DREW, ROBERT W,FALSE,WW2
DROLET, PETER E,FALSE,WW2
DROWN, GEORGE R,FALSE,WW2
DRYER, CHARLES W,FALSE,WW2
DRYSDALE, WILLIAM B,FALSE,WW2
DUARTE, JOHN,FALSE,WW2
DUBORD, ARMAND A,FALSE,WW2
DUBORD, ROGER O,FALSE,WW2
DUFFY, CHARLES G,FALSE,WW2
DUGAN, JAMES R,FALSE,WW2
DUMKUSKI, JOSEPH F,FALSE,WW2
DUNAJ, DTANLEY T,TRUE,WW2
DUNBAR, LESTER,FALSE,WW2
DUPERE, LEONIDAS,FALSE,WW2
DUPRE, JOHN,FALSE,WW2
DUTRA, JOSEPH M,FALSE,WW2
DYER, JOHN J,FALSE,WW2
DYER, RAYMOND C,FALSE,WW2
DYMAN, CHESTER,FALSE,WW2
DZIEDZIC, FRANK,FALSE,WW2
EAGAN, FRANCIS D,FALSE,WW2
ELLIS, JOHN B,FALSE,WW2
ELLIS, WARREN R,FALSE,WW2
EMERY, RAYMOND R,FALSE,WW2
ESKIBORN, GUITE F,FALSE,WW2
ESKIBORN, LOUIS J,FALSE,WW2
ETHIER, LOUIS N,FALSE,WW2
ETHIER, OSCAR A,FALSE,WW2
FAFARA, SALVE J,FALSE,WW2
FAFARA, STANLEY A,FALSE,WW2
FARLAND, ALLEN E,FALSE,WW2
FARLEY, LOUIS J,FALSE,WW2
FEELEY, JAMES E JR,FALSE,WW2
FERNANDES, JOSE S,FALSE,WW2
FERRAZZANO, BENEDICT L,FALSE,WW2
FERRAZZANO, FRANCIS P,FALSE,WW2
FERRAZZANO, GABRIEL P,FALSE,WW2
FERREIRA, CHARLES M,FALSE,WW2
FERREIRA, JOSEPH J,FALSE,WW2
FERRI, OLOUIS J,FALSE,WW2
FERRI, STEPHEN A,FALSE,WW2
FERRIALI, ANTONIO,FALSE,WW2
FERRY, ANGELO T,FALSE,WW2
FIGUERIDA, EDWARD,FALSE,WW2
FIGUERIDA, GEORGE,FALSE,WW2
FIGUERIDA, JOSEPH,FALSE,WW2
FIGUERIDO, ANTONE,FALSE,WW2
FIGUERIDO, ROBERT,FALSE,WW2
FIGUREID, ALFRED,FALSE,WW2
FIGUREID, HENRY,FALSE,WW2
FISHER, HAROLD A,FALSE,WW2
FISKE, AUGUSTUS JR,FALSE,WW2
FITZMAURICE, JOHN T,TRUE,WW2
FITZMAURICE, MYLES E,FALSE,WW2
FLETCHER, ABBOT,FALSE,WW2
FLETCHER, ALTON A,FALSE,WW2
FONTAINE, ERNEST H,FALSE,WW2
FONTAINE, GEORGE H,FALSE,WW2
FONTES, GEROGE L,FALSE,WW2
FORGUE, NORMAN E,FALSE,WW2
FORTIER, ROYAL A,FALSE,WW2
FORTIN, HENRY,FALSE,WW2
FORTIN, LOUIS,FALSE,WW2
FOSTER, JOSEPH A,FALSE,WW2
FOURNIER, ALBERT J,FALSE,WW2
FOURNIER, WILLIAM H,FALSE,WW2
FRANCIS, WILLIAM H,FALSE,WW2
FRANCO, FRANK S,FALSE,WW2
FRANCOEUR, ROMEO A,FALSE,WW2
FRATES, ALFRED J,FALSE,WW2
FRECHETTE, GEORGE A,FALSE,WW2
GAGLON, GEORGE J,FALSE,WW2
GAGNE, EDWARD J,FALSE,WW2
GAGNE, LEO,FALSE,WW2
GAGNON, HENRY C,FALSE,WW2
GAGNON, JOSEPH A,FALSE,WW2
GAGNON, NORMAN,FALSE,WW2
GALANSKI, STANLEY,FALSE,WW2
GALINELLI, ALBERT,FALSE,WW2
GALINELLI, GUIDO,FALSE,WW2
GALINELLI, JAMES N,FALSE,WW2
GALINELLI,JOHN J,FALSE,WW2
GALINELLI, JOSEPH V,FALSE,WW2
GALINELLI, THOMAS N,TRUE,WW2
GALLINELLI, PETER J,FALSE,WW2
GALUSZKA, JOHN G,FALSE,WW2
AMELIN, ROMEO J,FALSE,WW2
GAMMINO, ANTONE M,FALSE,WW2
GAMMINO, JOSEPH,FALSE,WW2
GARCEAU, JOSEPH R,FALSE,WW2
GASPARRO, ACOLINO L,FALSE,WW2
GEBSKI, PETER,FALSE,WW2
GEMPP, HERMAN,FALSE,WW2
GEMPP, RICHARD L,FALSE,WW2
GEMPP, ROBERT C,FALSE,WW2
GEMP, WILLIAM,FALSE,WW2
GEOFFREY, EDWARD R,FALSE,WW2
GEOFFREY,HUBERT J,FALSE,WW2
GEOFFREY, MARCEL L,FALSE,WW2
GEOFFREY,REGINALD P,TRUE,WW2
GERARD, RUSSELL,FALSE,WW2
GERULA, WALTER W,FALSE,WW2
GERVAIS, CHARLES L,FALSE,WW2
GERVAIS, HENRY C,FALSE,WW2
GERVAIS, JAMES R,FALSE,WW2
GERVAIS, RAYMOND,FALSE,WW2
GIBREE, PHILIP L,FALSE,WW2
GIGUERE, EDWARD J,FALSE,WW2
GILLIGAN, MATTHEW H,FALSE,WW2
GILLON, JOSEPH,FALSE,WW2
GILLON, PAUL,FALSE,WW2
GINALSKI, EDWARD P,FALSE,WW2
GINALSKI, JOSEPH C,FALSE,WW2
GINGRAS, JOSEPH R,FALSE,WW2
GIRARD, EDWARD N,FALSE,WW2
GIRARD, HELDAGE,FALSE,WW2
GIRARD, RUSSELL E,FALSE,WW2
GISTEDT,ROLAND E,FALSE,WW2
GLYNN, FRANCIS J,FALSE,WW2
GODEK, JOSEPH W,FALSE,WW2
GODEK, WALTER S,FALSE,WW2
GOES, HORACE E,FALSE,WW2
GOFF, CARL L,FALSE,WW2
GOFF, HENRY L,FALSE,WW2
GOMES, JOHN J,FALSE,WW2
GOMES, JOSEPH M,FALSE,WW2
GORALSKI, ANTHONY,FALSE,WW2
GORALSKI, WITTOLD E,FALSE,WW2
GORDON, RICHARD W,FALSE,WW2
GORDON, ROBERT E,FALSE,WW2
GORMALLY, JOHN J,FALSE,WW2
GOULET, ALPHONSE,FALSE,WW2
GOULET, NELSON,FALSE,WW2
GRACYALNY, EDWARD J,FALSE,WW2
GRAVES, CHARLES A,FALSE,WW2
GREENWOOD, RUSSELL E,FALSE,WW2
GREZEBIEN, JOSEPH,FALSE,WW2
GREZEBIEN, ZYGMUND,FALSE,WW2
GRZECHOSKI, PETER C,FALSE,WW2
GUILBEAULT, GORDON K,FALSE,WW2
HAFLIGER, CHARLES,FALSE,WW2
HALL, JOHN,FALSE,WW2
HAMEL, ALFRED J,FALSE,WW2
HAMEL, ARMAND J,FALSE,WW2
HAMEL, ERNEST,FALSE,WW2
HAMEL, HENRY H JR,FALSE,WW2
HAMEL, JOSEPH V,FALSE,WW2
HAMEL, OLIVE C,FALSE,WW2
HAMEL, ROBERT J,FALSE,WW2
HAMEL, WILFRED A,FALSE,WW2
HAMILTON, FREDERICK W,FALSE,WW2
HAMILTON, ROBERT J,FALSE,WW2
HANLEY, JOHN D,FALSE,WW2
HANLEY, WILLIAM A,FALSE,WW2
HARGRAVES, WILLIAM P,FALSE,WW2
HARRINGTON, DANIEL C,FALSE,WW2
HARRIS, GEORGE A,FALSE,WW2
HARRIS, RICHARD E,FALSE,WW2
HARTICON, WILLIAM F JR,FALSE,WW2
HARTIN, WILLIAM T,FALSE,WW2
HEALEY, HOWARD J,FALSE,WW2
HEALEY,JAMES T,FALSE,WW2
HEALEY, JOHN C,FALSE,WW2
HEALEY, ROBERT J,FALSE,WW2
HELLEW, CHARLES E,FALSE,WW2
HELLEW, JOHN J,FALSE,WW2
HENNEBERRY, EILEEN C,FALSE,WW2
HEUBERGER, ALVIN H,FALSE,WW2
HEUBERGER, MILTON,FALSE,WW2
HICKEY, GERALD W,FALSE,WW2
HICKEY, JAMES J,FALSE,WW2
HIGGINS, ROGER A,FALSE,WW2
HILTON, SPENCER,FALSE,WW2
HOCHMAN, HYMAN,FALSE,WW2
HOCHMAN, LEO C,FALSE,WW2
HOCHMAN, SAMUEL,FALSE,WW2
HODGINS, CHARLES L JR,FALSE,WW2
HODGINS, JOHN N,FALSE,WW2
HOLMES, LAWRENCE J,FALSE,WW2
HOLMES, RICHARD W,FALSE,WW2
HOWLAND, HENRY R JR,TRUE,WW2
HOWLAND, WILLIAM J,FALSE,WW2
HUDDON, ALBERT T,FALSE,WW2
HUDDON, RENE L,TRUE,WW2
HUFTALEN, FLOYD J,FALSE,WW2
HUFTALEN, HOWARD B,FALSE,WW2
HUGES, JAMES S,FALSE,WW2
HUMPHREYS, ROBERT D,FALSE,WW2
HUNT, CHARLES N,FALSE,WW2
HUNT, JAMES C,FALSE,WW2
IERVOLINO, RALPH M,FALSE,WW2
INCOLLINGO, ALFRED D,FALSE,WW2
INCOLLINGO, FIDELE,FALSE,WW2
JACKSON, HENRY A,FALSE,WW2
JACKSON, WILLIAM H,FALSE,WW2
JACOBSON, ARTHUR C,FALSE,WW2
JACQUES, JOHN J,FALSE,WW2
JAMIEL, AMON A,FALSE,WW2
JAMIEL, BOLUS A,FALSE,WW2
JAMIEL,JOSEPH A,FALSE,WW2
JAMIEL, MORPHIS A,FALSE,WW2
JAMROG, CHESTER T,FALSE,WW2
JAMROG, RAYMOND J,FALSE,WW2
JAMROG, WALTER W JR,FALSE,WW2
JANUSKIEWICZ, HENRY,FALSE,WW2
JANUSKIEWICZ, JOHN,FALSE,WW2
JARVIS, BENOIT J JR,FALSE,WW2
JARVIS, RICHARD R,FALSE,WW2
JARVIS, WILFRED JR,FALSE,WW2
JAWOREK, FRANK J,FALSE,WW2
JAWOREK, STANLEY,FALSE,WW2
JAWORSKI, EDWARD C,FALSE,WW2
JOHNSTON, ALFRED JR,FALSE,WW2
JOLOBOFF, MARY T,FALSE,WW2
JOLY, ALFRED,FALSE,WW2
JOLY, MARCIUS P,FALSE,WW2
JOLY, RUSSELL N,FALSE,WW2
JONES, JOHN E,FALSE,WW2
JONES, WILLIAM L,FALSE,WW2
JOVIN, LUCIEN J,FALSE,WW2
JOVIN, MARCEL,FALSE,WW2
JOVIN, RAYMOND A,FALSE,WW2
KAISER, ALFRED J,FALSE,WW2
KAISER, EDWARD A,FALSE,WW2
KALIFY, BECHARA,FALSE,WW2
KASPRZYK, STEPHEN,FALSE,WW2
KEE, GORDON F SR,FALSE,WW2
KEE, NORMAN C,FALSE,WW2
KEEGAN, EDWARD W,FALSE,WW2
KEYES, JAMES M,FALSE,WW2
KINNEY, CHARLES M JR,FALSE,WW2
KIRKLEWSKI, FRANK,FALSE,WW2
KNUTE, ALFRED B JR,FALSE,WW2
KOCHANEK, FRANK S,FALSE,WW2
KOCHANEK, JOSEPH J,FALSE,WW2
KORDAS, STEPHEN,FALSE,WW2
KOZAKA, JOHN,FALSE,WW2
KOZAKA, WILLIAM,FALSE,WW2
KRAWCZYK, EDWARD C,TRUE,WW2
KRAWCZYK, HENRY J,FALSE,WW2
KRAWCZYK, JOHN,FALSE,WW2
KRAWCZYK, JOSEPH A,FALSE,WW2
KRYCHTA, WALTER M,FALSE,WW2
KUROS, JOHN L,FALSE,WW2
KUSSAY, JOHN B,FALSE,WW2
LACROIX, GEORGE J,FALSE,WW2
LACROIX, GEORGE L,FALSE,WW2
LAFERRIERE, LEO J,FALSE,WW2
LAFERRIERE, RAYMOND J,FALSE,WW2
LAFERRIERE, RAYMOND M,FALSE,WW2
LAFLAMME, CHARLES W,FALSE,WW2
LAFLAMME, CLARENCE,FALSE,WW2
LAFLAMME, ROLAND F,FALSE,WW2
LAFLEUR, LEO,FALSE,WW2
LAFORGE, ROGER,FALSE,WW2
LAFORGE, RUSSELL A,FALSE,WW2
LAMA, FRAMK,FALSE,WW2
LAMA, JOSEPH H,FALSE,WW2
LAMARCA, JOSEPH L,FALSE,WW2
LAMARCA, NINI L,FALSE,WW2
LAMBERT, LOUIS,FALSE,WW2
LAMBERT, NORMAN A,FALSE,WW2
LAMORA, ARTHUR L,FALSE,WW2
LAMORA, CHARLES A JR,FALSE,WW2
LAMORA, JOHN T,FALSE,WW2
LAMORA, JOSEPH L,FALSE,WW2
LAMORA, LEO,FALSE,WW2
LAMORA, THOMAS R,FALSE,WW2
LANDGRAF, CHARLES S,FALSE,WW2
LANDGRAF, HERMAN H,FALSE,WW2
LANDRY, DONAT,FALSE,WW2
LANDRY, FRANK A,FALSE,WW2
LANDRY, RENE A,FALSE,WW2
LANGELLO, FELIX J,FALSE,WW2
LANOIE, ELPHEGE V,FALSE,WW2
LAPAN, JAMES A,FALSE,WW2
LAPAN, RICHARD L,FALSE,WW2
LAPANE, ALPHONSE J,FALSE,WW2
LAPANE, ARMAND H,FALSE,WW2
LAPANE, GEORGE J,FALSE,WW2
 LAPANE, LEO H,FALSE,WW2
LAPANE, WILLIAM,FALSE,WW2
LAPOINTE, FRANCIS F,FALSE,WW2
LAPOINTE, ROBERT W,FALSE,WW2
LARIVEE, OBELDARD,FALSE,WW2
LARIVEE, ROLAND A,FALSE,WW2
LARIVEE, WILLIAM J,FALSE,WW2
LAROCHE, ANDREW P,FALSE,WW2
LAROCHE, JOSEPH A,FALSE,WW2
LAROCHE, JOSEPH W,FALSE,WW2
LAROCHE, LEO A,FALSE,WW2
LARUE, EDMUND C SR,FALSE,WW2
LARUE, ROBERT,FALSE,WW2
LAVALLEE, GEORGE V,FALSE,WW2
LAVALLEE, JOSEPH N,FALSE,WW2
LAVERGNE, ROLAND G,FALSE,WW2
LAVEY, RAYMOND T,FALSE,WW2
LAVEY, THOMAS B JR,FALSE,WW2
LAVEY, WILLIAM J,FALSE,WW2
LAWRENCE, HENRY,FALSE,WW2
LAWRENCE, JOHN W,FALSE,WW2
LAWRENCE, JOSEPH,FALSE,WW2
LAWRENCE, WILLIAM,FALSE,WW2
LAWTON, RAYMOND H,FALSE,WW2
LEAHY, JOHN J,FALSE,WW2
LEAHY, RAYMOND A,FALSE,WW2
LEAHY, THOMAS B,FALSE,WW2
LEBLANC, DONALD J,FALSE,WW2
LEBRUN, HERBERT E,FALSE,WW2
LEE, NORMAN V,FALSE,WW2
LEMIEUX, ALBERT J,FALSE,WW2
LEMIEUX, WESLEY J,FALSE,WW2
LEMOI, JAMES R,FALSE,WW2
LEONG, KAI Y,FALSE,WW2
LEPAGE, HENRY R,FALSE,WW2
LEPAGE, HENRY,FALSE,WW2
LEPINE, JOSEPH S,FALSE,WW2
LEPUCKI, JOHN F,FALSE,WW2
LESCAULT, EDWARD E,FALSE,WW2
LESCAULT, GERALD E,FALSE,WW2
LESCAULT, JOSEPH R,FALSE,WW2
LESCAULT, LAWRENCE H,FALSE,WW2
LESCAULT, NORMAN E,FALSE,WW2
LESSARD, OLIVER W JR,FALSE,WW2
LETOURNEAU, ARMAND R,FALSE,WW2
LETOURNEAU, LIONEL A,FALSE,WW2
LEVER, JOHN J,FALSE,WW2
LIAL, MANUEL L JR,FALSE,WW2
LINGARD, STANLEY D,FALSE,WW2
LINLEY, EVERETT,FALSE,WW2
LINLEY, GRANVILLE P JR,FALSE,WW2
LIONG, FRAMK K,FALSE,WW2
LITTLEFIELD, WARREN F,FALSE,WW2
LOMAS, WILFRED W,FALSE,WW2
LOMBARDI, EUGENE G,FALSE,WW2
LOMBARDI, LESTER L,FALSE,WW2
LOMBARDI , WILLIAM R,FALSE,WW2
LOMBARDO, ALBERT W,FALSE,WW2
LOMBARDO, ALEXANDER R,FALSE,WW2
LOMBARDO, FRANK T,FALSE,WW2
LOMBARI, VERGILIO J,FALSE,WW2
LOPES, JOSEPH S,FALSE,WW2
LUNNEY, JOSEPH D,FALSE,WW2
LUTHER, BERT S,FALSE,WW2
LUTHER, BRICE A,FALSE,WW2
LUTHER, EARL F,FALSE,WW2
LUTHER, WILLIAM C,FALSE,WW2
MACDOUGALL, DONALD H,FALSE,WW2
MACDOUGALL, RICHARD A,FALSE,WW2
MACDOUGALL, ROBERT H,FALSE,WW2
MACDOUGALL, WARREN J,FALSE,WW2
MACGREGOR, JOHN B,FALSE,WW2
MACGREGOR, ROBERT,FALSE,WW2
MACHADO, HERMAN JR,FALSE,WW2
MACIOROWSKI, BERNARD S,FALSE,WW2
MACLOID, EARL W,FALSE,WW2
MADDOX, KENNETH W,FALSE,WW2
MAGEAU, JAMES L,FALSE,WW2
MAHONEY, JOHN E,FALSE,WW2
MAINVILLE, ELDOR J,FALSE,WW2
MAKARA, JOHN F,FALSE,WW2
MAKIN,MALCOLM,FALSE,WW2
MANCHESTER, CHARLES E,FALSE,WW2
MANCHESTER, CLINTON B,FALSE,WW2
MANCHESTER, DOROTHY,FALSE,WW2
MANCHESTER, HAROLD L,FALSE,WW2
MANCHESTER, HORACE A,FALSE,WW2
MANCHESTER, NORMAN A,FALSE,WW2
MANCHESTER, RALPH E,FALSE,WW2
MANN, NORMAN H JR,FALSE,WW2
MARCELLINO, ARTHUR S,FALSE,WW2
MARCELLINO, JAMES E,FALSE,WW2
MARCHAND, DONALD A,FALSE,WW2
MARCHAND, JOSEPH F,FALSE,WW2
MARCHAND,PAUL J,FALSE,WW2
MARCHAND, RAYMOND J,FALSE,WW2
MARCHAND, WILFRED J JR,FALSE,WW2
MARCHAND, WILFRED R,FALSE,WW2
MARCHAND, WILLIAM J,FALSE,WW2
MARKS, IRVING C,FALSE,WW2
MARKS, MORTAN J,FALSE,WW2
MARKS, RICHARD S,FALSE,WW2
MARSZALEK, EDWARD,FALSE,WW2
MARSZALEK, FRANK,TRUE,WW2
MARSZALEK, FREDERICK W,FALSE,WW2
MARSZALEK, JOHN F,FALSE,WW2
MARSZALEK, JOSEPH,FALSE,WW2
MARSZALEK, STANLEY,FALSE,WW2
MARTEL, ALBERT J,FALSE,WW2
MARTIN, HOWARD I JR,FALSE,WW2
MARTINS, JOHN S,FALSE,WW2
MASSAD, ALFRED,FALSE,WW2
MASSED, MICHAEL G,FALSE,WW2
MASSED, MILEY T,FALSE,WW2
MASUD, CHARLES R,FALSE,WW2
MASUD, GEORGE A,FALSE,WW2
MATURI, HENRY G,FALSE,WW2
MATURI, MICHAEL,FALSE,WW2
MAUDSLEY, EDWARD L,FALSE,WW2
MAUDSLEY, JAMES L,FALSE,WW2
MAYO, ERNEST,FALSE,WW2
MAZUR, JOHN S,FALSE,WW2
MAZUR, JOSEPH C,TRUE,WW2
MCCANN, MARY V,FALSE,WW2
MCCANN, MICHAEL F III,FALSE,WW2
MCCANNA, JAMES R JR,FALSE,WW2
MCCARTHY, DOREEN G,FALSE,WW2
MCDONALD, JOHN R,FALSE,WW2
MCKALE, THOMAS J,FALSE,WW2
MCKENNA, CARROL P,FALSE,WW2
MCMAHON, JOHN S,FALSE,WW2
MCMELLON, THOMAS E,FALSE,WW2
MCMURRAY, ROBERT S,FALSE,WW2
MCNAMARA, JOHN M,FALSE,WW2
MCQUEEN, PETER JR,FALSE,WW2
MCSOLEY, JAMES M,FALSE,WW2
MEDEIROS, ANTONE JR,FALSE,WW2
MEDEIROS, DAVID J,FALSE,WW2
MEDEIROS, GEORGE R,FALSE,WW2
MEDEIROS, JOHN F,FALSE,WW2
MEDEIROS, JOSEPH M,FALSE,WW2
MEDEIROS, LEONARD J,FALSE,WW2
MEDEIROS, MANUEL A,FALSE,WW2
MEDEIROS, WILLIAM S,FALSE,WW2
MEDLEY, ARTHUR R,FALSE,WW2
MEIGGS, FREDERICK,FALSE,WW2
MELLO, ANTONIO C,FALSE,WW2
MELLO, EDMUND,FALSE,WW2
MELLO, EDWARD R,FALSE,WW2
MELLO, HENRY,FALSE,WW2
MELLO, JOHN R,FALSE,WW2
MELLO, MANUEL,FALSE,WW2
MELLO, RAYMOND J,FALSE,WW2
MENARD, LEO J,FALSE,WW2
MENDES, JOSEPH J,FALSE,WW2
MENDES, MANUEL F JR,FALSE,WW2
MENDOZA, ANTONE F,FALSE,WW2
MERCIER, ERNEST,FALSE,WW2
MERCIER, WALDEN,FALSE,WW2
MEROLLA, CARMINE J,FALSE,WW2
MEROLLA, JOHN A JR,FALSE,WW2
MEROLLA, WILLIAM A,FALSE,WW2
MERRIMAN, ISSAC B,FALSE,WW2
MESSIER, OSCAR R,FALSE,WW2
MIKULSKI, ALEXANDER,FALSE,WW2
MIKULSKI, CHESTER B,FALSE,WW2
MUKULSKI, FRANK,FALSE,WW2
MILLARD, CHARLES E,FALSE,WW2
MIRANDA,JAMES,FALSE,WW2
MIS, CHESTER,FALSE,WW2
MIS, EDWARD F,FALSE,WW2
MIS, JOSEPH P,FALSE,WW2
MLYNEK, ALOY,FALSE,WW2
MLYNEK, VICTOR,FALSE,WW2
MOGAYZEL, ANTHONY J,FALSE,WW2
MOGAYZEL, ELIAS D,FALSE,WW2
MOGAYZEL, GEORGE,FALSE,WW2
MOGAYZEL, PETER,FALSE,WW2
MOGAYZEL, WILLIAM W,FALSE,WW2
MONAST, EMILE W,FALSE,WW2
MONAST, WILLIAM N,FALSE,WW2
MONDINA, EDWARD,FALSE,WW2
MONGEAU, NORMAND W,FALSE,WW2
MONIZ, ANTHONY,FALSE,WW2
MONIZ, FRANK A,FALSE,WW2
MONIZ, JOSEPH F,FALSE,WW2
MONIZ, JOSEPH P,FALSE,WW2
MONIZ, THOMAS P,FALSE,WW2
MOODY, ARTHUR,FALSE,WW2
MOODY, NORMAN P JR,FALSE,WW2
MOORE, HAROLD,FALSE,WW2
MOORE, JOHN,FALSE,WW2
MORENCY, JEAN A,FALSE,WW2
MORENCY, LIONEL J,FALSE,WW2
MORGAN, WILLIAM R,FALSE,WW2
MORIN, HENRY,FALSE,WW2
MORRA, ANTONIO M JR,FALSE,WW2
MORRA, CARMINE H,FALSE,WW2
MORRA, SANTO A,FALSE,WW2
MORRISON, LEGER R,FALSE,WW2
MOURA,EUGENE S,FALSE,WW2
MONROE, ROBERT B,FALSE,WW2
MURRAY, THOMAS J,FALSE,WW2
MYERS, WILLIAM E,FALSE,WW2
NADEAU, GABRIEL H,FALSE,WW2
NADEAU, LIONEL,FALSE,WW2
NANS, EDWARD A JR,FALSE,WW2
NASHWICK, ALEX P,FALSE,WW2
NASSAR, JOHN H,FALSE,WW2
NATAL, ANTHONY,FALSE,WW2
NEIMIC, EDWARD C,FALSE,WW2
NENCKA, STEPHEN,FALSE,WW2
NETTO, ANTONE J,FALSE,WW2
NETTO, JOHN J,FALSE,WW2
NETTO, JOSEPH A,FALSE,WW2
NETTO, JULIO L,FALSE,WW2
NETTO, LOUIS A JR,FALSE,WW2
NETTO, MANUEL,FALSE,WW2
NEVEUX, EDGAR C,FALSE,WW2
NEWMAN, EDWARD F,FALSE,WW2
NICHOLESON, ARTHUR C,FALSE,WW2
NICKERSON, NORMAN S,FALSE,WW2
NICPON, STANLEY M,FALSE,WW2
MICPON, THEODORE J,FALSE,WW2
NOLAN, JAMES F,FALSE,WW2
NOLAN, WILLIAM R,FALSE,WW2
NUNES, ANTHONY N,FALSE,WW2
O'BRIEN, EDWARD J,FALSE,WW2
O'BRIEN, HOWARD F JR,FALSE,WW2
O'BRIEN, RICHARD J,FALSE,WW2
O'BRIEN, THOMAS F,FALSE,WW2
O'BRIEN, WILLIAM J,FALSE,WW2
OLDHAM, RICHARD J,FALSE,WW2
OLDHAM, ROBERT,FALSE,WW2
O'LEARY, JOSEPH D,FALSE,WW2
O'LEARY, THOMAS J,FALSE,WW2
OLECH, EDWARD,FALSE,WW2
OLIVE, ALFRED T JR,FALSE,WW2
OLIVE, JAMES,FALSE,WW2
OLIVER, GEORGE J,FALSE,WW2
OLIVERA, GEORGE,FALSE,WW2
OLSZOWY, FRANCES F,FALSE,WW2
O'NEIL, MARTIN W JR,FALSE,WW2
O'NEIL, VINCENT P,FALSE,WW2
OSZAJCA, RUDOLPH,FALSE,WW2
PACHECO, JOSEPH M,FALSE,WW2
PAGE, ALFRED R,FALSE,WW2
PAGE, NORMAN,FALSE,WW2
PAGE, RICHARD,FALSE,WW2
PAGE, RUSSELL T,FALSE,WW2
PAGNANO, EDWARD,FALSE,WW2
PAGNANO, ROCCO V,FALSE,WW2
PALAZIO, ARTHUR M,FALSE,WW2
PALAZIO, HENRY J,FALSE,WW2
PALAZIO, JOHN C,FALSE,WW2
PALAZIO, JOSEPH J,FALSE,WW2
PALMIERI, ANTHONY,FALSE,WW2
PALMIERI, ERNEST O,FALSE,WW2
PALMIERI, NICHOLAS,FALSE,WW2
PANSA, GAETANO,FALSE,WW2
PAQUIN, NORMAND,FALSE,WW2
PAQUIN, REGINALD L,FALSE,WW2
PARENT, WILLIAM E,FALSE,WW2
PARISI, ANIELLO,FALSE,WW2
PARKS, HAROLD F,FALSE,WW2
PATTIE, EARL G,FALSE,WW2
PATTIE, HENRY J,FALSE,WW2
PATTIE, JOSEPH E,FALSE,WW2
PATTIE, LAWRENCE D,FALSE,WW2
PAVAO, JOSEPH M,FALSE,WW2
PEABODY, GEORGE O,FALSE,WW2
PEDERSON, ARNOLD,FALSE,WW2
PEDERSON, DAGFIN,FALSE,WW2
PEDERSON, JAMES S,FALSE,WW2
PEDERSON, MINOR,FALSE,WW2
PELCHAT, JOSEPH L,FALSE,WW2
PELCHAT, JOSEPH O,FALSE,WW2
PELLAND, GEDEON H,FALSE,WW2
PELLAND, ROYMOND J,FALSE,WW2
PELLETIER, GIRARD A,FALSE,WW2
PELTIER, CHESTER N,FALSE,WW2
PENKALA, BERNARD J,FALSE,WW2
PENKALA, JOHN F,FALSE,WW2
PENKALA, STANLEY F,FALSE,WW2
PEPOWSKI, CHESTER,FALSE,WW2
PERRON, RAYMOND A,FALSE,WW2
PERROTTA, THOMAS B,FALSE,WW2
PERRY, EDWIN J,FALSE,WW2
PERRY, FRANCIS,FALSE,WW2
PESULA, JOHN S,FALSE,WW2
PETERS, LOUIS,FALSE,WW2
PETERS, PASQUALE,FALSE,WW2
PHILLIPS, ISADOR,FALSE,WW2
PICARD, ELPHEGE H,FALSE,WW2
PICARD, EMILE C,FALSE,WW2
PICARD, WILLIAM,FALSE,WW2
PICZ, THEODORE,FALSE,WW2
PIEPOWSKI, METEK W,FALSE,WW2
PIERCE, KENNERSON B,FALSE,WW2
PIKUROSKI, LOUIS L,FALSE,WW2
PIMENTAL, ALCIDES C,FALSE,WW2
PIMENTAL, FRANK,FALSE,WW2
PIMENTAL, CHARLES R,FALSE,WW2
PIMENTEL, JOSE V,FALSE,WW2
PINEAU, ADELARD J,FALSE,WW2
PINKOS, WALTER J,FALSE,WW2
PISZ, WALTER J,FALSE,WW2
PITTAL, ANTONIO,FALSE,WW2
PLAMONDON, HENRY A,FALSE,WW2
PLAMONDON, LEO W,FALSE,WW2
PLAMONDON, MARCEL B,FALSE,WW2
PLESNIAK, JOSEPH W,FALSE,WW2
POIRIER, EDWARD A,FALSE,WW2
POIRIER, JOSEPH R,FALSE,WW2
POIRIER, RAYMOND,FALSE,WW2
POISSANT, ALEX,FALSE,WW2
POISSANT, ALFRED A,FALSE,WW2
POISSON, CHARLES E,FALSE,WW2
POISSON, LEOPOLD R,FALSE,WW2
PIOSSON, LOUIS G,FALSE,WW2
POISSON, RICHARD P,FALSE,WW2
POLAK, BENEDICT,FALSE,WW2
POLAK, CHESTER J,FALSE,WW2
POLAK, EDWARD S,FALSE,WW2
POLAK, FRANK C,FALSE,WW2
POLAK, FREDERICK W,FALSE,WW2
 POLAK, JAMES,FALSE,WW2
POLAK, JOSEPH,FALSE,WW2
POLAK, WALTER S,FALSE,WW2
POTERA, CASIMIR L,FALSE,WW2
POTERA, FELIX B P,FALSE,WW2
ORTRA, PETER P,FALSE,WW2
POUTRE, HUMBERT W,FALSE,WW2
PRATTE, ARTHUR L JR,FALSE,WW2
PRATTE, CHARLES F JR,TRUE,WW2
PRATTE, HENRY E,FALSE,WW2
PRATTE, HERBERT A,FALSE,WW2
PRAY, WILLIS E,FALSE,WW2
PRIMIANO, ADOLPH M,FALSE,WW2
PRIMIANO, DONALD F,FALSE,WW2
PRIMIANO, FRANK A,FALSE,WW2
PRIMIANO, GILBERT A,FALSE,WW2
PRIMIANO, JOHN A,FALSE,WW2
PRIMIANO, LOUIS N,FALSE,WW2
PRIMIANO, MICHAEL A,FALSE,WW2
PROULX, ALBERT N,FALSE,WW2
PROULX, ARTHUR J,FALSE,WW2
PROULX, EDMUND G,FALSE,WW2
PROULX, EUGENE L,FALSE,WW2
PROULX, JOSEPH A,FALSE,WW2
PROULX, JOSEPH JR,FALSE,WW2
PROULX, LEO A,FALSE,WW2
PROULX, WILFRED L,FALSE,WW2
PROVIDENTI, MICHAEL V,FALSE,WW2
PYSZ, EDWARD,FALSE,WW2
PYSZ, FRANCIS C,FALSE,WW2
PYSZ, STANLEY C,FALSE,WW2
QUINTAL, DONAT J,FALSE,WW2
QUINTIN, ARTHUR E,FALSE,WW2
QUINTIN, EMILE W,FALSE,WW2
QUINTIN, FERNDINAND R,FALSE,WW2
QUINTIN, JEAN L,FALSE,WW2
QUINTIN, ROGER L,FALSE,WW2
RABIDEAU, ERNEST O,FALSE,WW2
ABIDEAU, RAYMOND H,FALSE,WW2
RAPOZA, JESSE L JR,FALSE,WW2
RASH, ARTHUR E,FALSE,WW2
RASH, CLAYTON E,FALSE,WW2
REBECCHI, BERNARDO,FALSE,WW2
REBECCHI, JOHN,FALSE,WW2
REBECCHI, NICHOLAS JR,FALSE,WW2
REBECCHI, SAVARIO,FALSE,WW2
REDFERN, EDWARD W,FALSE,WW2
REGNERE, JOSEPH H,FALSE,WW2
RENE, RAYMOND,FALSE,WW2
RENE, ROBERT R,TRUE,WW2
RENE, ROMEO,FALSE,WW2
REOPEL, HORMIDAS,FALSE,WW2
REYNOLDS, HOWARD J,FALSE,WW2
REZENDES, ANTONE M,FALSE,WW2
RICCI, ANTHONY B,FALSE,WW2
RIOPEL, JOSEPH M,FALSE,WW2
RIOPEL, OLIVA,FALSE,WW2
RISHE, ELMER F,FALSE,WW2
ROCCABELLO, JOHN J,FALSE,WW2
RODRIGUES , ANTONIO,FALSE,WW2
RODRIGUES, MARY K,FALSE,WW2
RODZEN, CASIMIR F,FALSE,WW2
ROGELL, DAVID,FALSE,WW2
ROGERS, CHARLES,FALSE,WW2
ROGERS, HENRY,FALSE,WW2
ROGERS, MANUEL JR,FALSE,WW2
ROGERS, RAYMOND E,FALSE,WW2
ROMANO, JOSEPH J JR,FALSE,WW2
ROMANO, SALVATORE L,FALSE,WW2
ROSE, EDMOND C,FALSE,WW2
ROSE, LOUIS,FALSE,WW2
ROSSI, ANASTASIUS A,FALSE,WW2
ROY, DONAT J,FALSE,WW2
ROY, ONESIME J,FALSE,WW2
RUTKIEWICZ, FRANK,FALSE,WW2
RUTKIEWICZ, THADEAUS,FALSE,WW2
RYAN, EDWARD M,FALSE,WW2
RYBKA, ALFRED,FALSE,WW2
SACCOCCIA, JOSEPH R,FALSE,WW2
SACCOCCIA, MICHAEL,FALSE,WW2
SAGAN, BERNARD R,FALSE,WW2
SAGAN, FELIX H,FALSE,WW2
SAGAN, GEROGE M,FALSE,WW2
SAGAN, JOHN C,FALSE,WW2
SAGAN, JOSEPH J,FALSE,WW2
SALAMON, FRANCIS M,FALSE,WW2
SALAMON, JOSEPH A,FALSE,WW2
SALAMON, STANLEY A,FALSE,WW2
SALISBURY, WILLIAM C,FALSE,WW2
SALOIS, EDGAR,FALSE,WW2
SALVATORE,JAMES W,FALSE,WW2
SAMPSON,ARTHUR F JR,FALSE,WW2
SAMPSON,FREDERICK J,FALSE,WW2
SAMPSON,HENRY R JR,FALSE,WW2
SAMPSON,LOUIS G,FALSE,WW2
SAMSON, NORRIS J,FALSE,WW2
SANCHAS, ALBERT S,FALSE,WW2
SANCHAS, HENRY S,FALSE,WW2
SANCHAS, RAYMOND S,FALSE,WW2
SANTOS, JOSEPH A,FALSE,WW2
SARASIN, DONALD D,FALSE,WW2
SAULNIER, MELVIN J,FALSE,WW2
SAVIANO, MICHAEL,FALSE,WW2
SCOTT, ANDREW A,FALSE,WW2
SEVIGNY, LEO E,FALSE,WW2
SEVIGNY, OMER E,FALSE,WW2
SEVIGNY, PAUL E S,FALSE,WW2
EVIGNY, ROMEO A,FALSE,WW2
SEYMOUR, HOWARD A,FALSE,WW2
SEYMOUR, JOHN C,FALSE,WW2
SEYMOUR, MADELINE A,FALSE,WW2
SHERRY, RICHARD J,FALSE,WW2
SHISKO, WALTER S,FALSE,WW2
SIEMBAB, JOSEPH A,FALSE,WW2
SILVA, ALBERT,FALSE,WW2
SILVA, ALFRED P,TRUE,WW2
SILVA, ANTONE P,FALSE,WW2
SILVA, CLARENCE V,FALSE,WW2
SILVA, DANIEL D,FALSE,WW2
SILVA, EDWARD P,FALSE,WW2
SILVA, FRANK L,FALSE,WW2
SILVA, JOSEPH L,FALSE,WW2
SILVA, JOSEPH P JR,FALSE,WW2
SILVA, MANUEL L,FALSE,WW2
SILVA, MANUEL,FALSE,WW2
SILVIA, ALBERT,FALSE,WW2
SILVIA, JOSEPH,FALSE,WW2
SIMMONS, GEORGE H,FALSE,WW2
SIMMONS,WILFRED J,FALSE,WW2
SINCLAIR, HAROLD R,FALSE,WW2
SIPIOR, JOSEPH J,FALSE,WW2
SIPIOR, PAUL W,FALSE,WW2
SIPPEN, JOHN F,FALSE,WW2
SITNIK, STANLEY,FALSE,WW2
SKUBA, EDWARD E,FALSE,WW2
SKUBA, WALTER,FALSE,WW2
SLOWIK, FRANK,FALSE,WW2
SLOWIK, JOHN F,FALSE,WW2
SMITH, CHARLES R,FALSE,WW2
SMITH, HENRY A JR,FALSE,WW2
SMITH, JOSEPH J,FALSE,WW2
SMITH, ROSE H,FALSE,WW2
SMUS, JOSEPH F,FALSE,WW2
SMUSZ, BOLESLAW,FALSE,WW2
SOARES, ARTHUR A,FALSE,WW2
SOARES, HENRY J,FALSE,WW2
SOARES, JOSEPH,FALSE,WW2
SOBOLESKI, VINCENT W,FALSE,WW2
SOCHA, ERNEST M,FALSE,WW2
SOCHA, JOSEPH A,FALSE,WW2
SOKURA, GEORGE,FALSE,WW2
SOUCY, EDWARD J,FALSE,WW2
SOUCY, JAMES E,FALSE,WW2
SOURATY, GEORGE A,FALSE,WW2
SOUSA, ALBERT B,FALSE,WW2
SOUSA, ANTHONY B,FALSE,WW2
SOUSA, HENRY,FALSE,WW2
SOUSA, JOHN B,FALSE,WW2
SOUSA, JOSEPH,FALSE,WW2
SOUSA, MANUEL J,FALSE,WW2
SOUSA, WILLIAM,FALSE,WW2
SOUZA, AMERICO B,FALSE,WW2
SOUZA, FRANK R,FALSE,WW2
SOUZA, LOUIS B JR,FALSE,WW2
SOUZA, MANUEL B,FALSE,WW2
SPIECZNY, BOLEK C,FALSE,WW2
SQUILLANTE, EMILO,FALSE,WW2
SQUALLANTE, ORLANDO J,FALSE,WW2
ST JOHN, EDGAR J JR,FALSE,WW2
ST ONGE, CHARLES E,FALSE,WW2
ST ONGE, DELPHIS H,FALSE,WW2
ST ONGE, HENRY D,FALSE,WW2
ST OURS, ANDREW A,FALSE,WW2
ST OURS, GEORGE A,FALSE,WW2
ST OURS,JOHN J,FALSE,WW2
ST OURS,JULIA,FALSE,WW2
ST PIERRE,JOSEPH C,FALSE,WW2
ST VINCENT,SEORGE H SR,FALSE,WW2
STABILE,CARMINE L,FALSE,WW2
STABILE,GAETANO,FALSE,WW2
STABILE,LOUIS F,FALSE,WW2
STABILE,MATTHEW A,FALSE,WW2
STALLARD,OSEPH,FALSE,WW2
STARCK,ALBERT G,FALSE,WW2
STARKEY,HARRY P,FALSE,WW2
STARKEY,HERBERT W,FALSE,WW2
STARKEY,ROBERT L,FALSE,WW2
STIENWACHS,CARL M,FALSE,WW2
STEINWACHS,OHN B,FALSE,WW2
STIDWORTHY,CLYDE M,FALSE,WW2
STOCKTON,ELLEN B,FALSE,WW2
STONE,GEORGE P JR,FALSE,WW2
STRONG,JOHN,FALSE,WW2
STRONG,JOSEPH E,FALSE,WW2
STYPA,WALTER,FALSE,WW2
SUGDEN,ALSTON F,TRUE,WW2
SUGDEN,FREDERICK,FALSE,WW2
SULLIVAN,HENRY A,FALSE,WW2
SULLO,ERNESTO P,FALSE,WW2
SWEET,ALBERT D,FALSE,WW2
SWEET,GEORGE L,TRUE,WW2
SWEET, JAMES A,FALSE,WW2
SWEET, RUSSELL O,FALSE,WW2
SWISZCZ, MARGUERITE M,FALSE,WW2
SYLVARIA, HARRY M JR,FALSE,WW2
SYLVIA, FRANK J,FALSE,WW2
SYLVIA, JOHN P,FALSE,WW2
TANNER, CHARLES R,FALSE,WW2
TANNER, ROBERT S,FALSE,WW2
TAVARES, GEORGE M,FALSE,WW2
TAVARES, HENRY J,FALSE,WW2
TAVARES, HUMBERTO N,FALSE,WW2
TAVARES, JESSE M JR,FALSE,WW2
TAVARES, JOHN M JR,FALSE,WW2
TAVARES, JOSEPH M JR,FALSE,WW2
TAVARES, JOSEPH P,FALSE,WW2
TAVARES, LAWRENCE,FALSE,WW2
TAVARES, LOUIS M JR,FALSE,WW2
TAVARES, MANUEL JR,FALSE,WW2
TAYLOR, WARREN L,FALSE,WW2
THIBAUDEAU, ARMAND N,FALSE,WW2
THIVIERGE, ALEXANDER,FALSE,WW2
THIVIERGE, FERDINAND J,FALSE,WW2
THIVIERGE, GEORGE H,FALSE,WW2
THIVIERGE, JOSEPH E,FALSE,WW2
THIVIERGE, LEO P,FALSE,WW2
THIVIERGE, OVILA G,FALSE,WW2
THOMAS, JOSEPH,FALSE,WW2
THOMAS, LEO,FALSE,WW2
THOMASZEWSKI, BENJAMIN A,FALSE,WW2
THOMASZEWSKI, PETER B,FALSE,WW2
THOMPSON, FRANCIS J,FALSE,WW2
TOPAZIO, ARTURO,FALSE,WW2
TRAVERES, ARTHUR,FALSE,WW2
TRAVIS, MANUEL,FALSE,WW2
TRUDEL, LIONEL A,FALSE,WW2
TUNNEY, ALICE,FALSE,WW2
TUNNEY, JOHN F,FALSE,WW2
TURCOTTE, ARTHUR F,FALSE,WW2
TURNER, RICHARD W,FALSE,WW2
TWAROG, FRANK,FALSE,WW2
TWAROG, WALTER,FALSE,WW2
TWIST, ALBERT B,FALSE,WW2
ULMSCHNEIDER, FRITZ,FALSE,WW2
URBAN, LAWRENCE,FALSE,WW2
VALENTI, EDWARD J,FALSE,WW2
VALLANTE, FLORA M,FALSE,WW2
VALLANTE, FREDERICK,FALSE,WW2
VARGAS, WILLIAM F,FALSE,WW2
VAUGHN, KENNETH,FALSE,WW2
VEDERLO, ALFANSO,FALSE,WW2
VERA, JOHN J,FALSE,WW2
VERA, WARREN R,FALSE,WW2
VERGELLI, GASTONE C,TRUE,WW2
VIERA, JOSEPH M,FALSE,WW2
VIERA, FRANK M,FALSE,WW2
VIERA, GEORGE,FALSE,WW2
VIERA, JOHN,TRUE,WW2
VINCENT, HENRY L,FALSE,WW2
VINCENT, OMER R,FALSE,WW2
VITULLO, ALBERT A,FALSE,WW2
VITULLO, ALEXANDER E,FALSE,WW2
VITULLO, ARMAND J,FALSE,WW2
VITULLO, ARTHUR,FALSE,WW2
VITULLO, ENRICO A,FALSE,WW2
VITULLO, FREDERICK G,FALSE,WW2
VITULLO, FREDERICK G,FALSE,WW2
VITULLO, ORLANDO E,FALSE,WW2
VITULLO, RICHARD J,FALSE,WW2
VIVIEROS, JOHN,FALSE,WW2
VIVIEROS, MANUEL JR,FALSE,WW2
VOCCIO, ANTONIO J,FALSE,WW2
WAITTE, ARNOLD L,FALSE,WW2
WAJDA, JOSEPH,FALSE,WW2
WAKEM, GEORGE F,FALSE,WW2
WALKER, HERBERT H,FALSE,WW2
WALKER, ROBERT,FALSE,WW2
WALMSLEY, WILLIAM,FALSE,WW2
WALSH, WILLIAM A,FALSE,WW2
WATJEN, RUSSEL L,FALSE,WW2
WATTS, WILLIAM J,FALSE,WW2
WEST, JOHN R JR,FALSE,WW2
WHALON, MILTON F,FALSE,WW2
WHITTUM, FRANKLIN M,FALSE,WW2
WILSON, EVERETT W,FALSE,WW2
WHTHEY, WILLIAM H,FALSE,WW2
WOJTYTO, STANLEY,TRUE,WW2
WOJTYTO, STEVEN J,FALSE,WW2
WROBLESKI, EDWARD S,FALSE,WW2
WUJICK, EDWARD W,FALSE,WW2
WUJICK, HENRY,FALSE,WW2
WUJICK, JOHN E,FALSE,WW2
WYROSTEK, FELIX C,FALSE,WW2
WYROSTEK, FRANK C,FALSE,WW2
WYROSTEK, STANLEY W,FALSE,WW2
YERGEAU, ARCHILLE J,FALSE,WW2
YERGEAU, HENRY G,FALSE,WW2
ZBYSZEWSKI, BERNARD J,FALSE,WW2
ZBYSZEWSKI, EDWARD J,FALSE,WW2
ZBYSZEWSKI, JAMES,FALSE,WW2
ZEITLER, ALBERT E,FALSE,WW2
ZEITLER, ALFRED,FALSE,WW2
ZEITLER, EMILE G,FALSE,WW2
ZEITLER, LAWRENCE,FALSE,WW2
ZINNI, FRANK,FALSE,WW2
ZINNI, JAMES N,FALSE,WW2
ZMUDA, JOSEPH,FALSE,WW2
ZNOJ, JOHN H,FALSE,WW2
ZORRA, FRANK S,FALSE,WW2
ZORRA, MANUEL S,FALSE,WW2